permno,bankruptcy_dt
30744,3/5/1964
29399,9/3/1964
37938,3/9/1965
29532,3/10/1965
37946,5/10/1965
38252,5/25/1965
41339,8/26/1966
37196,9/27/1966
34569,2/26/1969
31675,5/5/1969
35449,4/23/1970
37444,4/30/1970
13792,6/22/1970
47124,6/29/1970
34200,7/3/1970
45153,7/21/1970
44185,7/21/1970
34518,8/12/1970
31843,8/21/1970
29620,8/31/1970
35692,9/17/1970
29719,9/29/1970
33697,9/29/1970
32045,10/6/1970
41945,10/6/1970
39677,12/4/1970
41267,1/22/1971
43158,3/1/1971
36767,3/9/1971
39095,3/29/1971
31050,4/22/1971
30453,4/26/1971
45188,6/3/1971
28601,6/10/1971
38690,2/9/1972
39183,4/4/1972
42251,4/26/1972
31982,5/16/1972
37794,6/8/1972
11834,6/26/1972
31464,7/31/1972
37110,7/31/1972
31835,8/17/1972
34198,9/29/1972
38770,11/20/1972
31114,2/5/1973
35684,2/16/1973
54712,2/23/1973
38738,2/26/1973
52927,2/27/1973
44249,3/19/1973
18702,3/20/1973
43991,4/5/1973
31130,5/1/1973
61541,5/4/1973
39503,5/15/1973
38631,6/5/1973
34876,6/5/1973
21710,7/2/1973
42948,7/23/1973
51713,7/25/1973
54113,8/20/1973
29990,8/27/1973
81163,9/10/1973
39060,9/18/1973
42375,9/20/1973
19714,9/26/1973
14921,10/5/1973
62405,10/26/1973
33670,12/3/1973
61293,12/14/1973
42964,12/31/1973
52732,1/15/1974
39184,1/16/1974
54789,1/17/1974
49664,1/21/1974
55757,2/1/1974
82545,2/27/1974
38615,2/27/1974
33961,3/4/1974
25690,3/11/1974
50219,3/18/1974
32301,3/25/1974
72451,4/2/1974
46105,4/29/1974
48661,5/7/1974
17072,5/22/1974
41690,5/31/1974
41910,6/14/1974
19458,7/23/1974
29743,7/31/1974
48127,8/9/1974
40126,9/16/1974
67214,9/17/1974
59505,9/30/1974
37576,10/17/1974
33216,10/22/1974
34462,10/30/1974
32571,11/15/1974
35414,12/10/1974
45372,12/13/1974
42155,12/23/1974
55239,12/26/1974
31931,12/27/1974
37479,1/1/1975
12555,1/8/1975
39749,1/15/1975
51545,1/31/1975
41849,2/4/1975
39757,2/11/1975
43079,2/18/1975
41603,2/27/1975
21603,3/10/1975
43457,3/14/1975
42040,3/18/1975
69076,4/7/1975
36863,4/9/1975
39730,4/21/1975
51481,4/25/1975
80064,5/7/1975
29241,6/17/1975
50657,8/13/1975
53460,9/2/1975
50403,9/3/1975
27393,9/4/1975
16969,10/3/1975
80195,10/6/1975
32344,10/9/1975
51668,10/20/1975
25515,12/15/1975
46552,1/20/1976
47424,1/22/1976
51078,2/5/1976
40812,2/23/1976
42091,3/9/1976
56047,3/12/1976
44441,3/17/1976
56928,3/24/1976
55888,3/31/1976
31499,4/23/1976
43019,4/28/1976
14700,4/30/1976
56303,5/17/1976
49509,5/28/1976
39474,6/3/1976
67678,6/17/1976
48231,6/29/1976
57496,7/1/1976
50243,7/6/1976
34059,7/23/1976
49111,8/30/1976
17339,9/1/1976
46973,9/21/1976
37073,10/26/1976
66384,11/1/1976
17727,11/10/1976
56426,11/16/1976
47108,11/19/1976
50307,11/30/1976
81462,1/6/1977
73067,1/18/1977
32380,2/11/1977
22270,3/7/1977
43465,3/28/1977
54340,3/28/1977
46746,3/29/1977
85439,3/29/1977
53954,4/6/1977
46033,4/11/1977
30841,5/9/1977
28791,6/13/1977
79928,6/17/1977
81585,6/21/1977
30446,6/29/1977
49868,7/1/1977
60004,7/8/1977
22510,7/11/1977
38439,7/13/1977
20968,7/13/1977
41515,7/18/1977
54261,8/5/1977
57656,9/2/1977
46885,9/8/1977
27238,9/12/1977
52281,10/31/1977
42729,11/2/1977
18390,12/2/1977
85682,12/6/1977
22402,12/20/1977
57576,1/3/1978
42957,1/6/1978
18981,1/10/1978
60680,2/1/1978
50745,2/15/1978
28679,3/1/1978
40520,3/3/1978
50139,3/10/1978
46113,3/14/1978
58245,3/21/1978
37719,3/22/1978
34593,5/18/1978
53217,5/23/1978
46041,7/6/1978
51035,7/24/1978
58157,8/1/1978
55087,8/3/1978
21346,10/3/1978
53049,10/6/1978
34797,10/11/1978
22074,11/7/1978
31755,12/4/1978
48952,12/4/1978
53292,12/21/1978
55546,1/18/1979
37970,1/24/1979
57699,2/16/1979
51027,2/23/1979
54762,2/23/1979
58747,4/5/1979
45225,6/20/1979
14154,6/26/1979
66537,6/28/1979
38026,7/18/1979
16096,7/30/1979
55335,7/30/1979
33996,10/2/1979
44231,10/23/1979
44098,10/25/1979
68145,11/13/1979
48151,12/5/1979
44119,1/1/1980
82342,1/1/1980
59572,1/1/1980
33574,1/4/1980
43326,2/1/1980
29751,2/1/1980
38068,2/8/1980
67257,2/29/1980
65681,3/1/1980
24513,3/12/1980
35916,3/18/1980
74473,3/19/1980
15915,4/7/1980
40600,4/29/1980
62632,5/5/1980
52644,5/28/1980
75441,7/1/1980
55183,7/3/1980
77076,7/15/1980
83054,7/23/1980
58924,9/1/1980
19334,9/4/1980
57955,9/8/1980
35078,10/1/1980
50040,10/20/1980
47635,10/31/1980
25735,11/6/1980
68807,12/2/1980
56726,12/12/1980
52266,12/19/1980
71080,1/1/1981
52330,1/1/1981
62033,1/1/1981
75396,1/1/1981
64144,1/1/1981
46077,1/19/1981
48450,2/11/1981
50470,2/17/1981
22162,2/24/1981
40934,2/25/1981
30883,2/28/1981
10971,3/17/1981
45349,4/1/1981
35457,4/14/1981
46244,6/4/1981
18631,6/12/1981
45073,6/15/1981
65833,7/6/1981
28338,7/20/1981
78351,8/10/1981
46869,9/4/1981
32889,9/8/1981
55167,9/21/1981
39351,9/24/1981
42315,9/28/1981
31043,11/1/1981
29429,11/1/1981
55423,11/6/1981
53276,11/16/1981
50825,11/27/1981
52740,11/30/1981
34439,12/1/1981
39685,12/8/1981
45322,12/23/1981
17698,1/1/1982
65190,1/1/1982
84690,1/1/1982
54826,1/1/1982
52688,1/1/1982
36813,1/1/1982
11798,1/1/1982
46287,1/7/1982
27836,1/15/1982
27617,1/25/1982
49270,2/4/1982
24731,2/19/1982
36134,2/20/1982
60602,3/1/1982
31772,3/1/1982
53701,3/4/1982
38122,3/9/1982
52185,3/28/1982
36759,4/1/1982
64470,4/12/1982
18980,4/14/1982
36222,4/15/1982
68195,4/24/1982
24433,5/1/1982
42113,5/1/1982
84567,5/13/1982
71459,6/1/1982
52572,6/14/1982
64630,7/2/1982
22664,7/29/1982
47416,8/1/1982
39925,8/5/1982
16707,8/26/1982
38440,9/1/1982
52098,9/1/1982
32484,9/2/1982
50665,9/9/1982
64857,10/1/1982
32759,10/5/1982
17646,10/27/1982
80849,11/1/1982
76153,11/1/1982
28600,11/1/1982
59273,11/1/1982
84487,11/22/1982
12240,12/3/1982
48646,12/3/1982
19298,1/1/1983
45779,1/1/1983
37437,1/1/1983
23289,1/1/1983
51773,1/1/1983
11616,1/1/1983
36097,1/1/1983
25241,1/1/1983
10621,1/17/1983
60919,1/21/1983
11309,2/1/1983
28090,2/9/1983
19289,2/9/1983
50411,2/22/1983
78414,2/28/1983
50981,3/7/1983
51554,3/14/1983
59265,3/18/1983
38747,3/18/1983
50630,3/22/1983
63001,3/31/1983
25911,4/1/1983
61357,4/12/1983
64849,4/18/1983
69914,4/20/1983
16257,4/20/1983
83046,4/22/1983
49462,5/2/1983
67206,5/16/1983
36696,6/1/1983
29541,6/4/1983
72224,6/28/1983
92321,6/29/1983
23043,6/29/1983
64937,7/1/1983
15967,7/1/1983
35975,7/8/1983
21769,7/18/1983
63336,7/21/1983
48784,8/1/1983
29284,8/1/1983
51422,8/1/1983
28389,8/1/1983
49446,8/4/1983
65112,8/16/1983
45146,9/6/1983
56355,9/9/1983
62965,9/16/1983
44580,9/23/1983
43780,9/26/1983
54026,10/1/1983
40951,10/4/1983
37672,10/24/1983
25850,10/31/1983
35756,11/1/1983
29293,11/8/1983
64389,12/1/1983
24732,1/1/1984
38245,1/1/1984
59062,1/1/1984
10357,1/1/1984
66502,1/1/1984
46261,1/1/1984
12037,1/1/1984
33487,1/1/1984
55394,1/1/1984
23211,1/1/1984
46595,1/1/1984
10816,1/1/1984
11200,1/1/1984
60661,1/1/1984
34703,1/1/1984
39248,1/1/1984
39386,1/1/1984
77810,1/1/1984
63774,1/1/1984
42665,1/30/1984
11755,1/30/1984
51158,2/1/1984
80689,2/6/1984
68850,2/8/1984
58309,2/17/1984
48451,2/21/1984
59548,2/27/1984
80611,2/29/1984
63205,3/9/1984
26594,3/28/1984
63213,3/28/1984
32409,3/30/1984
45656,4/11/1984
53364,4/26/1984
50323,4/26/1984
65235,4/27/1984
53971,5/1/1984
56223,5/4/1984
40417,5/18/1984
10306,5/21/1984
44127,5/24/1984
33073,5/30/1984
76508,6/11/1984
63431,6/21/1984
52629,6/29/1984
74377,6/29/1984
11317,7/3/1984
70000,7/18/1984
58931,7/23/1984
10269,7/23/1984
66254,8/13/1984
78159,8/17/1984
53699,8/31/1984
29955,9/19/1984
61196,9/25/1984
37962,9/28/1984
41152,10/1/1984
60732,10/3/1984
63474,10/4/1984
56557,10/5/1984
63917,10/8/1984
50315,10/17/1984
14462,10/19/1984
47634,10/23/1984
64611,10/24/1984
11360,10/26/1984
32978,10/26/1984
58464,10/31/1984
50201,11/5/1984
78250,11/26/1984
48063,12/3/1984
66983,12/4/1984
32206,12/6/1984
60920,12/18/1984
48072,12/20/1984
28652,12/27/1984
82051,12/31/1984
82692,12/31/1984
59002,12/31/1984
69228,12/31/1984
50972,12/31/1984
11245,1/1/1985
32441,1/1/1985
89026,1/1/1985
59564,1/1/1985
92727,1/1/1985
70202,1/1/1985
76444,1/1/1985
81243,1/1/1985
33225,1/1/1985
55141,1/1/1985
68100,1/1/1985
36776,1/1/1985
83708,1/1/1985
84188,1/1/1985
75513,1/1/1985
31705,1/1/1985
37592,1/1/1985
82852,1/1/1985
26113,1/3/1985
16344,1/7/1985
28354,1/24/1985
23676,1/30/1985
52943,2/22/1985
19530,3/1/1985
78124,3/11/1985
17435,3/11/1985
70010,3/12/1985
21881,3/18/1985
47351,3/19/1985
60185,3/26/1985
64573,3/29/1985
41022,4/1/1985
54165,4/12/1985
66720,4/15/1985
50818,4/16/1985
19238,4/16/1985
62333,4/17/1985
47352,4/26/1985
74967,4/26/1985
58544,5/6/1985
34892,5/29/1985
62114,6/26/1985
10365,7/1/1985
43166,7/1/1985
72267,7/1/1985
62579,7/1/1985
68874,7/11/1985
33006,8/1/1985
68180,8/14/1985
82406,8/15/1985
80363,8/16/1985
33179,8/19/1985
73905,8/19/1985
17508,8/20/1985
26375,8/20/1985
41937,8/21/1985
78449,9/3/1985
74502,9/6/1985
83775,9/17/1985
62439,9/23/1985
75548,9/23/1985
63124,9/30/1985
57488,10/21/1985
61210,10/23/1985
77762,10/23/1985
56144,10/29/1985
57307,10/29/1985
20052,11/1/1985
53867,11/1/1985
12590,11/1/1985
54244,11/4/1985
30832,11/6/1985
17356,11/14/1985
43684,11/15/1985
64709,11/19/1985
62447,11/22/1985
29365,12/1/1985
60426,12/1/1985
24804,12/2/1985
42383,12/6/1985
25997,12/16/1985
13435,12/19/1985
80419,12/25/1985
18199,1/1/1986
24978,1/1/1986
13179,1/1/1986
89739,1/1/1986
24695,1/1/1986
59484,1/1/1986
28004,1/1/1986
46010,1/1/1986
50041,1/1/1986
60194,1/1/1986
83521,1/1/1986
61947,1/1/1986
75089,1/1/1986
45314,1/1/1986
73665,1/1/1986
32724,1/1/1986
48849,1/1/1986
91062,1/1/1986
92495,1/1/1986
86722,1/1/1986
23094,1/1/1986
80603,1/1/1986
72654,1/1/1986
51642,1/1/1986
70034,1/1/1986
31465,1/6/1986
53444,1/7/1986
25815,1/10/1986
43043,1/13/1986
45428,1/27/1986
62440,1/31/1986
89974,2/1/1986
74844,2/7/1986
60071,2/12/1986
62551,3/1/1986
56900,3/5/1986
45794,3/7/1986
70122,3/7/1986
62455,3/24/1986
63909,4/17/1986
59037,4/18/1986
83118,4/24/1986
22307,5/2/1986
53560,5/5/1986
25807,5/8/1986
12707,5/9/1986
80718,5/20/1986
10480,6/1/1986
10699,6/3/1986
86800,6/6/1986
82844,6/10/1986
24214,6/16/1986
31342,6/16/1986
72849,6/17/1986
47598,6/18/1986
12432,6/18/1986
89536,6/20/1986
36935,6/23/1986
57728,6/30/1986
31310,7/1/1986
15499,7/17/1986
92161,7/31/1986
86095,8/1/1986
66173,8/5/1986
89165,8/5/1986
87135,8/8/1986
30190,8/11/1986
55670,8/14/1986
13793,8/18/1986
18172,8/19/1986
61719,8/22/1986
76516,8/27/1986
18279,8/27/1986
40387,8/28/1986
64549,9/9/1986
60231,9/10/1986
58895,9/15/1986
26105,9/23/1986
61655,9/25/1986
57015,9/29/1986
31069,10/1/1986
88437,10/1/1986
32994,10/10/1986
93172,10/15/1986
68785,10/15/1986
58165,10/27/1986
66405,10/29/1986
59142,10/30/1986
53137,10/31/1986
20504,11/12/1986
36708,11/18/1986
25770,11/19/1986
17516,11/19/1986
43430,11/20/1986
80390,11/21/1986
47239,11/24/1986
65664,11/24/1986
46121,11/26/1986
58333,12/1/1986
22702,12/12/1986
67109,12/15/1986
85105,12/18/1986
72857,12/22/1986
62084,12/22/1986
26738,12/24/1986
38667,12/31/1986
10373,1/1/1987
89384,1/1/1987
20029,1/1/1987
31174,1/1/1987
85471,1/1/1987
66182,1/1/1987
67329,1/1/1987
44653,1/1/1987
48733,1/1/1987
12897,1/1/1987
36741,1/1/1987
28469,1/1/1987
49112,1/1/1987
31580,1/1/1987
27271,1/1/1987
53452,1/1/1987
45612,2/5/1987
59758,2/11/1987
10012,2/11/1987
86132,2/17/1987
64873,2/17/1987
11827,2/19/1987
64120,2/23/1987
62041,2/24/1987
26068,3/1/1987
10045,3/5/1987
49357,3/5/1987
68881,3/16/1987
32620,3/27/1987
63175,4/6/1987
14736,4/12/1987
17814,4/17/1987
35334,4/20/1987
32548,4/27/1987
10167,4/27/1987
81016,4/28/1987
47590,5/1/1987
77623,5/6/1987
70245,5/26/1987
10824,6/5/1987
58528,6/9/1987
10153,6/29/1987
82676,6/30/1987
92487,7/2/1987
60425,7/2/1987
60513,7/13/1987
10183,7/13/1987
10555,7/14/1987
71053,7/20/1987
89464,8/1/1987
10554,8/6/1987
66421,8/7/1987
14788,8/7/1987
28039,8/12/1987
37399,8/17/1987
86781,9/3/1987
67871,9/9/1987
10013,9/10/1987
75126,9/25/1987
61429,9/28/1987
54536,10/5/1987
63846,10/9/1987
62666,10/15/1987
10996,10/27/1987
66704,11/5/1987
10679,11/13/1987
39846,11/16/1987
65517,12/9/1987
52741,12/14/1987
10403,12/21/1987
91097,12/24/1987
63459,12/30/1987
11224,1/1/1988
92954,1/1/1988
63037,1/1/1988
11024,1/1/1988
11148,1/1/1988
70595,1/1/1988
11127,1/1/1988
10099,1/1/1988
42885,1/1/1988
14366,1/1/1988
71977,1/1/1988
10283,1/1/1988
90182,1/1/1988
86343,1/1/1988
71635,1/1/1988
53824,1/19/1988
51123,1/28/1988
58085,2/2/1988
10846,2/9/1988
33284,2/11/1988
77650,2/18/1988
29102,2/22/1988
11564,2/22/1988
67336,2/25/1988
61292,2/29/1988
27610,2/29/1988
10642,3/7/1988
82070,3/14/1988
68873,3/25/1988
10489,3/28/1988
92180,4/11/1988
91986,4/12/1988
93033,4/14/1988
10826,4/25/1988
60329,4/25/1988
54682,4/26/1988
75541,4/29/1988
59206,5/2/1988
11696,5/3/1988
69155,5/4/1988
60135,5/5/1988
46826,5/10/1988
10601,5/26/1988
76524,5/27/1988
62288,6/1/1988
10678,6/12/1988
48717,6/14/1988
68005,6/14/1988
24273,6/16/1988
85906,6/23/1988
86175,6/24/1988
27370,6/27/1988
71539,7/1/1988
46615,7/11/1988
58894,7/18/1988
71205,7/19/1988
29663,7/20/1988
11756,7/22/1988
11158,7/26/1988
10708,7/27/1988
41662,7/28/1988
66261,7/29/1988
59109,7/30/1988
75061,7/30/1988
89173,8/9/1988
10311,8/10/1988
46501,8/12/1988
69315,8/16/1988
32783,8/26/1988
67221,8/31/1988
29962,9/9/1988
64040,9/16/1988
91206,9/22/1988
11435,9/28/1988
65622,9/29/1988
12619,10/3/1988
29605,11/2/1988
29525,11/14/1988
54148,11/18/1988
92081,11/18/1988
44760,11/22/1988
10468,11/22/1988
77615,11/30/1988
91708,12/6/1988
34809,12/14/1988
59168,12/19/1988
67352,12/21/1988
66843,12/31/1988
67846,12/31/1988
31182,1/1/1989
49940,1/1/1989
92612,1/1/1989
14349,1/1/1989
30163,1/1/1989
52273,1/1/1989
28506,1/1/1989
10169,1/1/1989
11112,1/1/1989
93041,1/1/1989
87709,1/1/1989
11337,1/1/1989
69665,1/9/1989
67192,1/13/1989
55248,1/17/1989
11829,1/20/1989
29314,1/31/1989
62165,2/1/1989
64493,2/1/1989
11351,2/6/1989
44767,2/9/1989
67280,2/24/1989
70819,2/28/1989
51685,3/1/1989
11804,3/2/1989
69383,3/3/1989
30816,3/7/1989
20976,3/9/1989
34826,3/10/1989
18286,3/10/1989
73374,3/13/1989
51992,3/15/1989
63968,3/15/1989
11125,3/16/1989
35351,3/16/1989
88816,3/16/1989
67643,3/16/1989
69316,3/20/1989
51450,3/20/1989
10264,3/21/1989
59950,3/31/1989
11049,4/4/1989
35597,4/6/1989
10249,4/6/1989
17604,4/10/1989
10535,4/12/1989
12715,4/13/1989
87266,4/14/1989
11693,4/24/1989
91396,4/26/1989
11557,5/8/1989
59460,5/22/1989
12083,5/30/1989
72785,6/2/1989
87063,6/6/1989
89675,6/12/1989
49947,6/21/1989
64741,6/23/1989
11605,6/26/1989
54738,6/30/1989
69083,6/30/1989
77631,7/3/1989
16003,7/21/1989
66106,8/1/1989
64370,8/3/1989
91281,8/3/1989
67766,8/8/1989
11613,8/8/1989
50236,8/14/1989
92276,8/18/1989
27028,8/23/1989
50593,8/25/1989
24409,9/5/1989
18025,9/14/1989
75303,9/15/1989
10511,9/21/1989
26308,9/21/1989
61014,9/21/1989
64522,9/21/1989
54551,9/24/1989
12127,9/25/1989
92946,9/27/1989
19095,9/28/1989
88082,9/28/1989
41209,10/5/1989
67126,10/19/1989
91169,10/26/1989
86183,10/27/1989
64048,10/31/1989
10934,10/31/1989
29277,11/7/1989
39212,11/12/1989
39204,11/12/1989
11889,11/15/1989
53284,11/20/1989
87522,11/22/1989
78626,12/4/1989
11302,12/8/1989
66449,12/15/1989
41305,12/15/1989
11865,12/19/1989
92420,12/26/1989
11226,12/28/1989
73462,1/1/1990
29701,1/1/1990
11428,1/1/1990
88306,1/1/1990
36760,1/1/1990
11491,1/1/1990
92356,1/1/1990
54360,1/1/1990
58018,1/4/1990
17304,1/15/1990
11621,1/29/1990
72207,1/30/1990
11940,1/31/1990
57883,1/31/1990
59846,2/2/1990
75190,2/2/1990
66974,2/6/1990
38966,2/8/1990
28409,2/8/1990
55853,2/13/1990
20854,2/22/1990
75409,2/23/1990
10076,2/26/1990
75539,2/26/1990
27000,2/28/1990
47221,3/2/1990
59935,3/20/1990
67045,3/23/1990
11188,3/28/1990
41734,4/2/1990
56507,4/3/1990
11987,4/4/1990
32141,4/6/1990
67918,4/6/1990
70659,4/10/1990
52361,4/12/1990
89106,4/16/1990
60143,4/17/1990
32037,4/18/1990
89421,4/20/1990
44548,4/25/1990
10152,4/30/1990
63095,4/30/1990
76058,4/30/1990
46025,5/2/1990
67117,5/14/1990
48047,5/15/1990
12251,6/7/1990
11953,6/8/1990
24521,6/12/1990
10805,6/13/1990
11239,6/15/1990
69868,6/22/1990
75651,7/5/1990
70850,7/10/1990
74019,7/11/1990
92006,7/13/1990
10191,7/13/1990
27247,7/19/1990
92989,7/20/1990
10840,7/30/1990
28346,7/31/1990
11023,8/1/1990
56549,8/2/1990
67555,8/14/1990
11697,8/15/1990
60409,8/15/1990
75681,8/17/1990
49672,8/22/1990
12091,8/24/1990
66536,8/29/1990
86642,9/11/1990
68320,9/17/1990
46084,9/17/1990
54447,9/18/1990
27503,9/19/1990
62586,10/3/1990
20320,10/11/1990
39984,10/15/1990
16732,10/24/1990
55351,10/24/1990
20570,10/28/1990
10320,11/1/1990
68734,11/1/1990
46878,11/6/1990
86239,11/7/1990
24089,11/16/1990
75698,11/18/1990
62544,11/19/1990
66675,11/19/1990
11939,11/30/1990
60388,12/3/1990
67512,12/5/1990
63212,12/7/1990
52687,12/10/1990
12888,12/10/1990
73171,12/10/1990
23377,12/12/1990
17225,12/14/1990
68937,12/17/1990
47204,12/20/1990
17495,12/28/1990
30809,1/4/1991
16695,1/7/1991
21872,1/7/1991
20984,1/8/1991
16053,1/13/1991
18278,1/24/1991
41275,1/24/1991
56864,1/24/1991
67299,1/28/1991
11747,1/30/1991
75170,2/4/1991
63693,2/6/1991
40352,2/11/1991
75291,2/11/1991
11640,2/15/1991
57234,2/15/1991
31595,2/19/1991
37365,2/19/1991
17014,2/22/1991
33292,2/26/1991
61525,2/27/1991
34981,3/1/1991
53939,3/25/1991
53306,4/1/1991
61866,4/8/1991
48565,4/15/1991
54528,4/21/1991
48776,4/26/1991
63642,5/3/1991
35589,5/13/1991
72777,5/22/1991
68435,5/30/1991
29276,5/30/1991
66560,5/31/1991
10556,6/7/1991
33232,6/18/1991
68056,6/20/1991
57701,6/21/1991
12424,6/27/1991
74027,6/28/1991
71239,7/1/1991
13290,7/3/1991
51335,7/5/1991
72581,7/17/1991
69913,7/25/1991
69040,7/31/1991
68603,7/31/1991
11340,7/31/1991
62712,8/2/1991
70244,8/9/1991
68769,8/9/1991
45050,8/30/1991
67694,8/30/1991
10190,9/5/1991
26658,9/9/1991
64813,9/11/1991
45233,9/13/1991
55247,9/20/1991
65023,9/21/1991
61372,9/25/1991
60011,10/1/1991
10701,10/4/1991
63589,10/7/1991
48208,10/10/1991
33646,10/11/1991
66915,10/16/1991
75358,10/18/1991
68486,11/4/1991
38711,11/7/1991
90254,11/11/1991
75749,11/15/1991
70754,11/15/1991
58480,11/25/1991
10077,11/27/1991
37874,12/4/1991
10504,12/5/1991
49438,12/6/1991
60978,12/9/1991
31878,12/11/1991
50198,12/13/1991
10625,12/16/1991
75187,12/24/1991
75953,12/24/1991
67803,12/27/1991
31764,12/31/1991
38447,12/31/1991
91775,1/3/1992
10285,1/7/1992
92137,1/10/1992
41216,1/24/1992
11523,1/27/1992
63669,1/27/1992
19617,1/31/1992
92962,1/31/1992
58069,2/4/1992
65349,2/7/1992
36740,2/11/1992
76440,2/12/1992
10175,2/26/1992
15544,2/26/1992
20693,3/9/1992
42236,3/13/1992
12254,3/23/1992
69201,3/23/1992
10354,4/3/1992
69569,4/6/1992
87645,4/28/1992
76328,4/28/1992
51051,5/5/1992
86610,5/5/1992
69075,5/8/1992
75570,5/15/1992
49330,5/15/1992
11843,6/1/1992
63933,6/2/1992
52652,6/2/1992
76093,7/10/1992
76092,7/10/1992
66588,7/13/1992
63482,7/14/1992
75158,7/15/1992
22366,8/12/1992
65816,8/18/1992
46770,8/18/1992
72389,8/24/1992
88701,8/24/1992
47191,8/25/1992
85009,9/4/1992
75903,9/8/1992
75295,9/11/1992
38173,9/17/1992
40708,10/15/1992
89077,10/19/1992
63079,10/20/1992
66202,10/22/1992
75894,10/26/1992
64039,10/30/1992
75344,10/31/1992
47750,11/10/1992
10282,11/22/1992
65227,11/24/1992
43318,12/1/1992
10329,12/15/1992
57963,12/18/1992
75872,12/30/1992
72988,12/31/1992
11549,1/4/1993
58801,1/6/1993
33145,1/7/1993
69235,1/19/1993
92217,1/28/1993
11160,1/28/1993
89608,2/2/1993
25718,2/3/1993
12933,2/23/1993
74625,3/5/1993
67184,3/9/1993
19131,3/17/1993
11169,3/29/1993
15325,3/31/1993
70113,4/5/1993
69526,4/12/1993
77176,4/19/1993
76689,4/23/1993
65867,5/3/1993
68910,6/4/1993
11617,6/8/1993
88613,6/9/1993
28636,6/25/1993
76229,7/8/1993
13187,7/15/1993
21945,7/19/1993
43844,7/20/1993
67985,7/31/1993
22605,8/27/1993
67628,9/5/1993
67620,9/5/1993
75451,9/17/1993
57832,9/21/1993
60177,9/29/1993
76167,10/12/1993
76262,10/13/1993
39781,10/18/1993
62615,10/25/1993
54578,10/25/1993
68291,11/3/1993
15974,11/4/1993
32089,11/9/1993
74123,11/12/1993
10247,11/12/1993
10763,11/16/1993
68208,11/17/1993
11080,11/22/1993
54797,12/3/1993
61567,12/6/1993
76491,12/8/1993
11453,12/13/1993
76066,12/19/1993
77444,12/25/1993
12135,12/30/1993
53050,1/11/1994
83441,1/17/1994
68363,1/21/1994
76983,1/21/1994
39116,1/24/1994
36805,2/4/1994
75397,3/1/1994
24600,3/24/1994
52231,4/8/1994
11560,4/15/1994
65518,4/28/1994
48785,5/12/1994
11344,5/13/1994
78098,5/13/1994
73913,5/20/1994
34076,6/22/1994
77574,6/27/1994
20918,7/7/1994
76901,7/18/1994
77540,7/21/1994
50682,7/22/1994
78070,7/25/1994
66595,7/27/1994
77796,8/17/1994
52847,9/19/1994
76427,9/23/1994
70164,9/28/1994
79832,10/11/1994
59839,10/14/1994
42366,11/3/1994
59467,11/8/1994
77812,11/15/1994
59707,11/21/1994
68654,11/23/1994
77930,12/5/1994
63386,12/7/1994
12167,1/25/1995
11673,1/26/1995
77423,1/26/1995
80118,2/3/1995
92997,2/3/1995
77529,2/7/1995
10557,2/27/1995
76991,3/17/1995
75869,3/24/1995
73700,3/30/1995
80342,4/3/1995
76949,4/6/1995
11259,4/20/1995
78055,4/28/1995
68101,5/12/1995
67790,5/17/1995
12003,5/19/1995
79989,6/14/1995
77770,6/23/1995
79924,6/30/1995
64821,6/30/1995
75643,7/5/1995
63626,8/2/1995
79174,8/2/1995
45381,8/3/1995
32600,8/3/1995
58641,9/5/1995
77866,9/8/1995
66801,9/13/1995
76896,9/15/1995
77480,9/18/1995
76607,9/18/1995
80726,9/20/1995
75164,9/22/1995
77358,9/22/1995
57197,10/10/1995
77846,10/10/1995
49576,10/12/1995
79779,10/27/1995
60927,10/31/1995
21039,11/3/1995
70455,11/10/1995
59790,11/13/1995
77102,12/6/1995
24126,12/8/1995
77601,12/15/1995
78025,12/20/1995
11898,1/3/1996
64151,1/5/1996
79834,1/23/1996
75763,1/23/1996
24716,1/24/1996
78164,1/25/1996
77657,2/2/1996
23545,2/8/1996
79202,2/14/1996
10361,3/19/1996
79314,3/25/1996
28207,4/1/1996
78220,4/1/1996
10055,4/2/1996
77209,4/10/1996
79690,4/29/1996
76538,5/29/1996
79603,5/29/1996
56354,6/3/1996
55079,6/25/1996
77478,7/2/1996
17874,7/3/1996
80930,7/12/1996
79187,7/12/1996
77536,7/26/1996
63749,8/5/1996
72514,8/5/1996
10141,8/9/1996
19019,8/27/1996
75561,9/9/1996
75031,9/13/1996
77531,9/16/1996
10222,9/24/1996
80751,9/26/1996
77397,9/27/1996
78163,9/30/1996
76678,10/7/1996
70421,10/9/1996
78007,11/8/1996
80181,11/12/1996
75705,11/27/1996
76278,12/6/1996
12284,12/11/1996
89886,12/17/1996
18067,12/23/1996
76546,12/23/1996
76759,12/27/1996
70260,1/10/1997
78677,1/14/1997
75149,1/20/1997
76173,1/21/1997
75356,1/23/1997
80282,1/27/1997
81720,1/30/1997
82183,2/7/1997
77794,2/10/1997
23481,2/14/1997
79887,3/6/1997
77364,3/17/1997
10879,4/7/1997
76967,5/2/1997
79837,5/8/1997
79370,6/2/1997
78873,6/4/1997
53509,6/26/1997
80931,7/11/1997
75914,7/11/1997
77611,7/14/1997
75435,7/14/1997
79043,7/21/1997
63298,7/21/1997
12218,7/31/1997
83491,8/1/1997
82626,8/4/1997
85607,8/10/1997
79102,8/11/1997
62316,8/13/1997
11929,8/29/1997
79437,9/5/1997
10118,9/15/1997
77564,9/22/1997
81615,9/30/1997
90852,10/2/1997
82761,10/5/1997
10634,10/8/1997
20897,10/10/1997
81879,11/7/1997
81529,11/14/1997
92524,11/17/1997
78897,12/3/1997
79855,12/15/1997
78860,1/6/1998
34332,1/7/1998
10434,1/13/1998
80091,1/15/1998
75309,1/16/1998
76498,1/20/1998
82252,1/30/1998
19589,2/2/1998
54981,2/2/1998
79567,2/2/1998
80519,2/9/1998
83266,2/23/1998
83975,2/26/1998
20984,2/26/1998
79513,3/3/1998
69374,3/5/1998
84653,3/6/1998
73112,3/9/1998
83753,3/12/1998
42586,3/16/1998
11651,3/18/1998
81630,3/23/1998
83176,4/1/1998
77055,4/1/1998
10247,5/18/1998
19693,5/21/1998
82757,5/28/1998
11477,6/2/1998
53751,6/22/1998
12167,6/24/1998
82175,6/24/1998
75710,6/29/1998
27800,7/14/1998
75480,7/15/1998
80982,7/19/1998
83719,7/20/1998
80226,7/30/1998
48573,7/30/1998
65760,7/30/1998
11971,8/11/1998
80314,8/11/1998
83634,8/14/1998
79942,8/27/1998
82815,8/27/1998
81485,9/10/1998
75875,9/15/1998
76738,9/16/1998
65445,9/16/1998
20458,9/22/1998
31414,9/28/1998
10611,9/28/1998
83611,10/1/1998
75892,10/5/1998
79804,10/5/1998
83936,10/6/1998
82687,10/6/1998
11405,10/6/1998
85692,10/9/1998
81642,10/11/1998
60230,10/16/1998
77293,10/19/1998
84074,10/21/1998
79438,10/26/1998
76848,10/28/1998
77969,11/6/1998
84221,11/12/1998
79096,11/16/1998
77183,11/17/1998
10870,11/19/1998
48363,11/30/1998
17946,12/4/1998
80448,12/4/1998
85189,12/11/1998
81267,12/15/1998
20240,12/17/1998
84747,12/17/1998
77899,12/27/1998
52943,12/29/1998
83655,1/7/1999
84126,1/19/1999
77540,1/20/1999
75913,1/21/1999
76116,2/1/1999
31026,2/4/1999
75153,2/5/1999
85215,2/10/1999
82538,2/11/1999
44337,2/12/1999
76809,2/15/1999
85853,2/18/1999
42324,2/18/1999
63061,2/23/1999
10178,2/26/1999
11119,2/26/1999
82277,2/26/1999
35182,3/1/1999
51983,3/1/1999
84351,3/3/1999
37640,3/5/1999
83159,3/5/1999
82223,3/8/1999
21039,3/9/1999
84797,3/10/1999
80668,3/10/1999
81864,3/21/1999
84195,3/22/1999
80845,3/23/1999
84308,3/23/1999
82729,3/26/1999
70077,3/27/1999
70691,4/14/1999
10394,4/16/1999
80371,4/19/1999
79130,4/19/1999
79314,4/20/1999
83512,4/20/1999
12230,5/5/1999
78177,5/7/1999
84645,5/14/1999
41101,5/18/1999
76915,5/19/1999
83857,5/28/1999
78729,6/1/1999
32563,6/7/1999
41420,6/11/1999
76420,6/15/1999
81572,6/22/1999
80841,6/25/1999
78923,6/25/1999
12239,7/1/1999
80916,7/9/1999
11918,7/14/1999
76106,7/15/1999
75164,7/23/1999
10011,7/26/1999
83870,7/27/1999
76278,8/9/1999
17989,8/13/1999
86065,8/19/1999
80832,8/19/1999
76232,8/23/1999
18067,8/23/1999
76651,8/23/1999
79623,9/1/1999
44581,9/2/1999
65103,9/2/1999
84065,9/3/1999
77593,9/8/1999
83873,9/8/1999
27473,9/12/1999
75819,9/13/1999
80285,9/16/1999
78074,9/20/1999
11747,9/27/1999
85365,9/28/1999
85286,9/29/1999
83403,10/12/1999
82682,10/12/1999
79438,10/14/1999
71555,10/29/1999
83786,10/29/1999
81478,11/1/1999
80327,11/4/1999
28151,11/8/1999
76972,11/12/1999
78980,11/17/1999
84610,11/17/1999
83680,11/19/1999
85386,12/1/1999
62463,12/3/1999
84521,12/7/1999
77112,12/7/1999
53380,12/8/1999
10217,12/8/1999
67213,12/14/1999
83692,12/17/1999
85055,12/20/1999
81632,12/20/1999
80651,12/21/1999
85163,12/21/1999
67037,12/27/1999
10247,12/28/1999
71984,12/29/1999
83700,12/29/1999
10047,1/4/2000
33080,1/5/2000
52804,1/7/2000
65446,1/12/2000
79818,1/13/2000
83719,1/14/2000
77312,1/18/2000
11887,1/18/2000
79861,1/19/2000
81596,1/25/2000
83788,1/26/2000
84771,1/27/2000
81668,2/1/2000
76626,2/2/2000
77843,2/2/2000
10281,2/2/2000
83890,2/3/2000
83925,2/4/2000
78041,2/7/2000
75398,2/14/2000
85283,2/14/2000
53751,2/15/2000
24854,2/22/2000
81209,2/28/2000
79875,2/29/2000
75659,2/29/2000
65373,3/3/2000
10412,3/10/2000
81100,3/10/2000
82169,3/15/2000
85872,3/20/2000
79256,3/20/2000
83751,3/23/2000
81548,4/4/2000
77619,4/5/2000
52250,4/5/2000
76025,4/6/2000
77883,4/7/2000
60653,4/7/2000
80497,4/10/2000
11484,4/13/2000
83786,4/13/2000
18446,4/17/2000
86310,4/19/2000
82822,4/20/2000
79413,4/20/2000
83312,4/26/2000
83865,4/27/2000
84094,5/1/2000
76407,5/2/2000
11103,5/3/2000
74094,5/3/2000
59707,5/3/2000
81079,5/4/2000
79075,5/10/2000
52250,5/11/2000
80391,5/17/2000
82791,5/17/2000
55205,5/17/2000
75643,5/23/2000
85563,5/30/2000
83901,5/31/2000
84132,6/1/2000
18198,6/2/2000
75899,6/9/2000
68487,6/9/2000
64477,6/9/2000
65066,6/9/2000
11662,6/16/2000
79713,6/16/2000
78953,6/19/2000
85507,6/20/2000
80440,6/20/2000
86257,6/21/2000
76703,6/22/2000
84619,6/30/2000
90746,7/6/2000
86179,7/7/2000
89885,7/10/2000
88643,7/12/2000
82835,7/14/2000
87203,7/19/2000
77197,7/20/2000
85188,7/24/2000
77038,7/24/2000
83308,7/26/2000
80440,7/27/2000
84252,8/2/2000
76481,8/4/2000
10750,8/8/2000
75318,8/8/2000
81485,8/9/2000
86849,8/11/2000
11459,8/11/2000
80667,8/11/2000
64979,8/16/2000
20693,8/23/2000
54391,8/23/2000
48709,8/28/2000
80351,8/29/2000
84264,8/31/2000
67328,8/31/2000
31608,9/1/2000
78394,9/5/2000
75611,9/5/2000
81011,9/7/2000
40425,9/12/2000
83829,9/15/2000
80773,9/18/2000
84045,9/22/2000
23034,9/22/2000
77588,9/25/2000
73729,9/25/2000
83179,9/29/2000
81753,10/2/2000
26331,10/2/2000
12167,10/3/2000
82175,10/3/2000
24811,10/5/2000
76916,10/6/2000
80324,10/10/2000
79902,10/11/2000
79105,10/16/2000
61525,10/16/2000
32273,10/20/2000
88170,10/31/2000
85584,10/31/2000
86045,10/31/2000
80604,11/1/2000
90972,11/2/2000
11447,11/5/2000
77323,11/9/2000
10988,11/13/2000
79053,11/14/2000
77483,11/14/2000
84427,11/15/2000
19238,11/16/2000
89874,11/16/2000
61540,11/17/2000
10531,11/20/2000
54033,11/22/2000
79535,11/27/2000
82719,11/29/2000
80745,12/4/2000
84335,12/4/2000
11852,12/5/2000
11088,12/5/2000
22189,12/6/2000
19692,12/6/2000
75967,12/8/2000
15502,12/8/2000
86039,12/11/2000
64291,12/11/2000
91767,12/13/2000
77385,12/13/2000
86422,12/14/2000
77602,12/17/2000
79205,12/18/2000
79294,12/19/2000
27318,12/19/2000
79931,12/19/2000
65605,12/20/2000
87409,12/20/2000
86969,12/20/2000
87305,12/21/2000
20394,12/22/2000
80919,12/22/2000
86712,12/26/2000
77770,12/26/2000
75758,12/27/2000
13063,12/28/2000
83780,12/29/2000
83739,12/29/2000
79335,12/29/2000
86446,1/4/2001
81264,1/4/2001
81240,1/5/2001
78839,1/5/2001
86536,1/9/2001
19617,1/10/2001
86539,1/10/2001
81924,1/10/2001
80753,1/11/2001
82556,1/11/2001
11874,1/16/2001
86905,1/16/2001
12074,1/17/2001
86642,1/18/2001
27044,1/22/2001
87191,1/22/2001
10863,1/22/2001
62914,1/24/2001
81607,1/25/2001
85930,1/29/2001
77255,1/29/2001
71117,2/1/2001
89645,2/1/2001
85275,2/2/2001
84227,2/5/2001
77829,2/6/2001
82261,2/7/2001
27800,2/12/2001
86412,2/15/2001
86022,2/15/2001
88261,2/16/2001
44804,2/19/2001
87411,2/22/2001
85884,2/22/2001
66288,2/22/2001
11447,2/23/2001
31974,2/26/2001
79077,3/1/2001
85004,3/2/2001
83128,3/2/2001
81266,3/5/2001
53137,3/5/2001
77464,3/7/2001
86891,3/7/2001
85004,3/8/2001
78791,3/12/2001
85043,3/13/2001
87244,3/16/2001
85501,3/19/2001
81469,3/22/2001
81874,3/23/2001
81644,3/24/2001
85454,3/26/2001
11106,3/26/2001
83578,3/27/2001
11106,3/27/2001
81270,3/28/2001
75462,3/29/2001
11040,3/29/2001
76408,3/30/2001
14189,4/2/2001
74553,4/2/2001
85670,4/2/2001
75385,4/3/2001
84628,4/4/2001
79563,4/4/2001
80612,4/4/2001
78369,4/6/2001
13688,4/6/2001
89472,4/6/2001
86094,4/6/2001
83580,4/12/2001
87314,4/12/2001
83485,4/13/2001
85508,4/13/2001
76979,4/18/2001
76041,4/18/2001
85180,4/19/2001
87104,4/19/2001
84251,4/19/2001
87517,4/20/2001
84251,4/20/2001
84191,4/20/2001
86894,4/23/2001
76977,4/24/2001
87124,4/27/2001
80839,4/27/2001
10216,4/30/2001
83580,4/30/2001
78760,5/1/2001
78029,5/2/2001
84147,5/2/2001
20221,5/3/2001
32440,5/7/2001
86140,5/7/2001
80239,5/11/2001
85508,5/13/2001
47141,5/14/2001
58704,5/15/2001
87011,5/15/2001
77247,5/17/2001
11987,5/18/2001
10325,5/18/2001
85581,5/21/2001
75655,5/21/2001
87240,5/22/2001
29795,5/22/2001
86538,5/22/2001
83681,5/23/2001
86532,5/24/2001
64582,5/25/2001
75604,5/25/2001
10745,5/31/2001
81639,5/31/2001
10178,6/4/2001
63298,6/4/2001
84790,6/5/2001
76079,6/6/2001
44396,6/6/2001
77080,6/11/2001
85489,6/11/2001
70172,6/12/2001
79696,6/12/2001
86058,6/15/2001
11947,6/19/2001
79511,6/19/2001
84233,6/22/2001
79244,6/25/2001
19131,6/25/2001
66705,6/25/2001
12046,6/28/2001
76512,6/28/2001
88201,6/28/2001
39028,6/29/2001
49614,7/2/2001
77572,7/2/2001
86046,7/2/2001
77697,7/2/2001
81280,7/3/2001
85597,7/3/2001
81280,7/5/2001
85887,7/6/2001
86089,7/7/2001
85887,7/9/2001
40109,7/10/2001
83745,7/11/2001
87428,7/13/2001
87766,7/16/2001
61524,7/16/2001
75422,7/16/2001
63846,7/16/2001
86344,7/17/2001
84244,7/18/2001
33225,7/19/2001
76462,7/20/2001
85242,7/23/2001
85527,7/24/2001
20723,7/26/2001
67679,7/27/2001
48363,7/27/2001
78032,7/30/2001
88806,7/30/2001
81638,7/31/2001
83959,7/31/2001
86862,8/1/2001
84739,8/1/2001
80781,8/2/2001
31609,8/6/2001
40037,8/6/2001
86569,8/7/2001
90750,8/7/2001
67679,8/8/2001
12208,8/10/2001
85700,8/13/2001
85700,8/14/2001
83566,8/14/2001
87560,8/14/2001
11964,8/15/2001
86569,8/15/2001
10039,8/15/2001
55044,8/17/2001
84282,8/17/2001
44548,8/20/2001
78120,8/20/2001
78890,8/21/2001
78161,8/21/2001
11365,8/24/2001
80702,8/29/2001
78029,8/30/2001
87304,9/5/2001
90596,9/6/2001
15544,9/10/2001
13127,9/10/2001
80477,9/13/2001
85379,9/13/2001
85379,9/14/2001
22023,9/17/2001
86289,9/21/2001
82253,9/21/2001
82514,9/24/2001
28311,9/24/2001
87151,9/24/2001
82243,9/25/2001
85870,9/26/2001
76802,9/26/2001
79676,9/28/2001
85160,9/28/2001
21338,10/1/2001
81051,10/1/2001
68743,10/1/2001
87334,10/5/2001
86148,10/5/2001
87491,10/9/2001
77603,10/10/2001
79416,10/11/2001
88251,10/11/2001
26438,10/12/2001
10786,10/15/2001
81219,10/15/2001
79932,10/18/2001
83310,10/18/2001
77389,10/19/2001
64151,10/19/2001
83403,10/19/2001
83841,10/19/2001
11215,10/20/2001
89077,10/23/2001
81757,10/30/2001
81888,10/31/2001
77919,11/1/2001
81023,11/1/2001
92612,11/2/2001
62607,11/2/2001
84635,11/7/2001
75621,11/7/2001
88323,11/13/2001
68495,11/13/2001
87480,11/13/2001
85247,11/14/2001
85827,11/14/2001
20677,11/15/2001
88582,11/15/2001
77465,11/15/2001
87796,11/16/2001
80576,11/19/2001
87154,11/20/2001
86790,11/20/2001
12202,11/21/2001
13418,11/26/2001
14955,11/28/2001
23317,12/2/2001
77667,12/3/2001
86049,12/3/2001
84096,12/5/2001
83761,12/5/2001
77265,12/6/2001
87259,12/7/2001
88641,12/10/2001
14016,12/12/2001
89217,12/12/2001
87309,12/14/2001
85505,12/14/2001
86980,12/17/2001
83193,12/17/2001
86309,12/17/2001
75675,12/18/2001
80285,12/18/2001
83919,12/20/2001
77873,12/20/2001
93041,12/20/2001
81470,12/21/2001
76016,12/28/2001
11838,12/28/2001
88241,12/31/2001
86848,1/7/2002
80036,1/10/2002
38770,1/15/2002
46237,1/15/2002
24918,1/15/2002
68494,1/16/2002
79837,1/16/2002
84216,1/18/2002
34948,1/18/2002
12749,1/22/2002
87502,1/24/2002
86193,1/24/2002
66545,1/24/2002
86326,1/28/2002
87667,1/30/2002
83674,1/30/2002
83142,1/31/2002
77276,1/31/2002
89325,2/3/2002
79272,2/4/2002
87019,2/4/2002
57197,2/5/2002
85525,2/5/2002
85243,2/5/2002
86331,2/5/2002
76232,2/6/2002
87348,2/12/2002
76758,2/12/2002
45647,2/12/2002
80817,2/12/2002
79999,2/13/2002
80823,2/13/2002
84731,2/14/2002
85302,2/15/2002
12117,2/15/2002
85849,2/15/2002
87770,2/15/2002
77541,2/19/2002
82184,2/20/2002
79715,2/21/2002
76900,2/24/2002
82615,2/25/2002
83267,2/25/2002
34665,2/25/2002
79391,2/27/2002
45217,2/27/2002
76566,2/28/2002
89552,2/28/2002
90099,2/28/2002
83388,3/1/2002
82810,3/1/2002
89280,3/1/2002
81081,3/4/2002
75163,3/5/2002
79062,3/6/2002
19019,3/6/2002
76881,3/7/2002
76881,3/8/2002
76039,3/8/2002
10091,3/8/2002
27802,3/8/2002
87150,3/11/2002
54770,3/13/2002
76012,3/13/2002
86815,3/15/2002
85775,3/19/2002
85733,3/22/2002
11508,3/27/2002
84564,3/27/2002
86070,3/27/2002
87468,3/29/2002
75375,3/29/2002
34841,4/1/2002
76139,4/5/2002
86077,4/8/2002
87064,4/11/2002
87607,4/12/2002
79780,4/14/2002
75031,4/15/2002
88644,4/16/2002
86816,4/17/2002
88724,4/18/2002
87295,4/22/2002
70288,4/30/2002
11149,5/2/2002
11477,5/3/2002
76799,5/8/2002
88638,5/9/2002
77438,5/9/2002
82493,5/9/2002
83457,5/11/2002
90240,5/15/2002
80372,5/15/2002
76530,5/16/2002
88414,5/16/2002
85479,5/20/2002
86711,5/21/2002
79261,5/22/2002
76530,5/22/2002
85921,5/23/2002
89685,5/24/2002
83549,5/30/2002
85965,6/3/2002
88980,6/3/2002
79400,6/3/2002
87018,6/4/2002
83919,6/7/2002
10048,6/10/2002
88679,6/11/2002
87610,6/11/2002
87185,6/12/2002
85388,6/17/2002
75580,6/17/2002
87096,6/19/2002
78194,6/20/2002
10564,6/24/2002
10564,6/25/2002
85473,6/25/2002
86283,6/25/2002
77979,6/28/2002
86833,7/12/2002
81257,7/15/2002
89212,7/16/2002
78718,7/16/2002
84745,7/19/2002
11042,7/21/2002
88350,7/24/2002
84412,7/26/2002
80609,7/26/2002
80846,7/29/2002
82534,7/30/2002
77098,7/31/2002
89680,8/1/2002
79016,8/2/2002
79147,8/5/2002
87073,8/5/2002
28847,8/11/2002
88589,8/15/2002
80382,8/16/2002
12121,8/16/2002
76212,8/19/2002
55757,8/21/2002
87108,8/22/2002
77964,8/25/2002
84200,9/3/2002
44565,9/6/2002
81689,9/9/2002
87249,9/12/2002
89932,9/12/2002
81015,9/13/2002
88234,9/13/2002
88864,9/13/2002
76295,9/19/2002
84755,9/22/2002
75760,9/23/2002
76332,9/23/2002
77219,9/25/2002
10928,9/25/2002
87668,10/1/2002
88561,10/4/2002
88536,10/8/2002
80387,10/8/2002
11895,10/10/2002
86801,10/11/2002
87028,10/11/2002
85046,10/15/2002
86316,10/15/2002
79404,10/18/2002
83185,10/21/2002
82221,10/31/2002
82795,10/31/2002
87253,11/1/2002
86361,11/1/2002
76229,11/12/2002
55706,11/13/2002
80371,11/14/2002
86907,11/14/2002
87252,11/15/2002
58026,11/15/2002
88717,11/18/2002
85606,11/19/2002
48709,11/21/2002
62790,11/22/2002
55328,11/25/2002
88345,11/27/2002
86986,11/27/2002
86736,12/3/2002
78146,12/6/2002
19596,12/9/2002
84047,12/10/2002
19019,12/11/2002
82247,12/11/2002
81248,12/12/2002
76545,12/12/2002
88794,12/13/2002
79838,12/16/2002
87102,12/16/2002
90386,12/17/2002
86976,12/18/2002
87107,12/19/2002
83719,12/20/2002
81884,12/27/2002
19933,12/31/2002
82792,1/3/2003
11933,1/7/2003
77040,1/13/2003
85774,1/13/2003
88741,1/14/2003
85977,1/16/2003
63626,1/20/2003
83816,1/22/2003
75328,1/22/2003
75739,1/24/2003
81074,1/29/2003
92180,1/30/2003
78426,1/31/2003
90946,1/31/2003
88176,1/31/2003
88486,2/3/2003
82663,2/5/2003
79601,2/5/2003
88175,2/9/2003
76075,2/11/2003
86425,2/14/2003
18999,2/17/2003
65059,2/18/2003
81072,2/19/2003
77440,2/20/2003
88472,2/25/2003
83487,2/27/2003
83804,2/27/2003
84735,2/28/2003
84040,3/3/2003
50092,3/4/2003
77657,3/4/2003
80703,3/4/2003
75732,3/6/2003
79958,3/10/2003
77854,3/11/2003
78103,3/12/2003
85962,3/14/2003
11760,3/17/2003
84241,3/17/2003
54164,3/18/2003
89954,3/18/2003
88522,3/20/2003
81666,3/21/2003
83297,3/21/2003
79009,3/21/2003
88479,3/27/2003
84205,3/31/2003
76362,4/1/2003
47271,4/1/2003
88428,4/7/2003
75659,4/7/2003
65964,4/8/2003
75823,4/9/2003
86360,4/13/2003
79152,4/22/2003
83527,5/1/2003
75417,5/2/2003
88783,5/6/2003
33478,5/7/2003
81202,5/7/2003
86772,5/9/2003
59978,5/13/2003
87582,5/13/2003
88232,5/14/2003
75882,5/14/2003
86238,5/14/2003
80829,5/15/2003
75597,5/19/2003
79197,5/28/2003
85547,5/28/2003
85713,5/29/2003
75310,5/30/2003
79532,6/1/2003
85575,6/2/2003
70866,6/2/2003
88276,6/2/2003
84231,6/3/2003
81739,6/6/2003
79124,6/10/2003
87830,6/10/2003
88492,6/16/2003
77039,6/17/2003
24256,6/19/2003
87106,6/19/2003
81073,6/20/2003
88515,6/27/2003
86227,6/27/2003
85078,6/27/2003
81123,6/29/2003
81239,7/1/2003
24126,7/8/2003
78786,7/8/2003
76526,7/9/2003
88601,7/14/2003
83342,7/15/2003
86060,7/15/2003
73112,7/17/2003
91804,7/21/2003
87319,7/23/2003
83479,7/25/2003
79184,7/29/2003
79053,7/30/2003
79674,8/4/2003
90440,8/5/2003
15449,8/7/2003
87050,8/15/2003
42543,8/15/2003
10388,8/20/2003
88155,8/20/2003
11159,8/25/2003
11401,9/2/2003
84274,9/4/2003
76672,9/4/2003
89523,9/5/2003
87177,9/5/2003
77230,9/5/2003
11106,9/10/2003
58406,9/14/2003
79933,9/15/2003
22664,9/16/2003
80729,9/16/2003
77688,9/24/2003
11072,9/25/2003
84341,9/26/2003
83141,9/28/2003
81583,10/6/2003
84732,10/10/2003
76947,10/17/2003
75563,10/20/2003
80404,10/23/2003
80360,10/28/2003
62907,10/29/2003
87351,10/31/2003
86914,11/3/2003
33100,11/6/2003
88751,11/14/2003
87463,11/21/2003
31376,11/26/2003
83449,12/2/2003
77040,12/4/2003
86112,12/8/2003
11139,12/9/2003
85902,12/16/2003
85266,12/17/2003
33080,12/27/2003
85975,12/29/2003
81288,12/31/2003
11665,1/13/2004
88950,1/19/2004
79745,1/20/2004
82157,1/30/2004
31385,1/30/2004
85802,2/1/2004
83305,2/2/2004
81713,2/2/2004
82492,2/3/2004
76074,2/4/2004
77088,2/4/2004
11342,2/9/2004
59110,2/23/2004
19975,2/26/2004
39108,3/1/2004
79260,3/1/2004
83985,3/2/2004
87207,3/22/2004
76995,3/23/2004
80052,3/26/2004
79010,3/30/2004
85603,3/31/2004
67432,3/31/2004
77865,4/19/2004
81114,4/28/2004
87008,4/29/2004
87111,4/30/2004
80443,5/12/2004
80721,5/20/2004
55060,5/20/2004
85396,5/27/2004
11854,6/1/2004
84117,6/2/2004
84363,6/3/2004
88973,6/7/2004
83624,6/10/2004
88111,6/18/2004
88150,6/21/2004
85805,6/23/2004
79023,6/24/2004
78079,6/24/2004
81249,6/30/2004
78198,7/12/2004
80727,7/13/2004
86197,7/23/2004
82675,8/2/2004
87823,8/4/2004
77541,8/19/2004
89750,8/27/2004
10114,9/1/2004
44804,9/8/2004
79171,9/10/2004
28847,9/12/2004
87169,9/14/2004
46957,9/18/2004
76745,9/22/2004
83133,9/24/2004
13718,9/28/2004
89093,9/29/2004
87596,10/5/2004
87103,10/6/2004
10963,10/7/2004
26286,10/13/2004
85001,10/15/2004
44150,10/20/2004
88518,10/27/2004
67345,11/19/2004
81676,11/21/2004
12320,11/30/2004
76691,12/1/2004
34948,12/7/2004
80532,12/14/2004
85512,12/16/2004
83568,12/21/2004
87036,12/21/2004
85984,1/4/2005
58077,1/7/2005
89032,1/7/2005
79742,1/11/2005
79695,1/14/2005
50075,1/19/2005
85979,1/20/2005
84508,1/21/2005
34121,1/31/2005
80852,2/2/2005
79257,2/7/2005
39108,2/8/2005
78207,2/16/2005
59475,2/21/2005
11741,2/28/2005
19238,3/7/2005
84144,3/11/2005
83370,3/15/2005
21872,4/11/2005
82856,4/26/2005
89963,5/10/2005
83918,5/10/2005
87626,5/11/2005
80713,5/17/2005
76015,5/19/2005
77625,5/24/2005
81185,5/26/2005
25073,5/26/2005
80946,6/2/2005
80020,6/11/2005
79443,6/15/2005
22605,6/20/2005
12122,6/24/2005
76222,7/1/2005
43692,7/5/2005
10753,7/5/2005
82837,7/11/2005
89559,7/18/2005
83813,7/25/2005
79591,7/31/2005
78268,8/3/2005
89829,8/8/2005
10364,8/9/2005
82247,8/19/2005
83743,8/26/2005
11358,8/31/2005
76448,9/8/2005
26112,9/14/2005
32619,9/14/2005
80345,9/14/2005
79971,9/19/2005
24010,9/23/2005
87472,9/26/2005
88925,9/29/2005
86591,10/8/2005
79437,10/11/2005
77671,10/14/2005
77931,10/14/2005
80184,10/14/2005
86748,10/16/2005
90848,10/17/2005
89854,10/28/2005
86435,11/1/2005
79366,11/7/2005
12320,12/1/2005
83981,12/20/2005
88540,1/9/2006
72311,1/12/2006
86090,2/2/2006
88913,2/7/2006
44564,2/9/2006
85768,2/14/2006
11607,3/3/2006
75345,3/14/2006
81172,3/14/2006
45313,3/19/2006
89312,3/22/2006
76720,3/27/2006
76807,4/3/2006
83709,4/9/2006
84326,4/12/2006
76252,4/28/2006
10791,5/8/2006
84400,5/9/2006
87474,5/22/2006
10397,6/12/2006
79498,7/6/2006
83726,7/7/2006
87156,7/31/2006
79927,8/8/2006
11496,8/18/2006
76793,8/22/2006
11956,8/25/2006
67732,9/18/2006
88987,9/28/2006
65315,10/13/2006
66077,10/15/2006
56119,10/30/2006
83860,10/30/2006
88623,11/17/2006
60354,11/29/2006
88667,11/29/2006
67619,12/7/2006
77261,12/11/2006
78951,12/18/2006
75585,12/20/2006
89370,12/27/2006
76027,12/27/2006
11681,12/28/2006
11483,12/29/2006
71124,1/12/2007
58667,1/18/2007
84868,1/19/2007
83452,1/24/2007
78113,1/29/2007
55221,2/5/2007
87518,2/7/2007
88573,2/8/2007
10608,2/9/2007
87603,2/14/2007
46957,3/12/2007
83954,3/20/2007
75066,3/21/2007
79710,3/23/2007
85025,4/2/2007
76910,4/3/2007
75554,4/25/2007
12178,4/27/2007
60864,4/30/2007
86521,5/17/2007
88206,5/21/2007
83765,5/29/2007
86298,6/11/2007
51158,6/14/2007
69542,6/29/2007
68881,7/12/2007
77764,7/13/2007
11662,7/16/2007
76536,7/16/2007
82811,7/31/2007
80504,8/1/2007
89315,8/1/2007
87358,8/6/2007
90255,8/9/2007
81536,8/13/2007
85410,8/13/2007
79860,8/16/2007
88992,8/20/2007
80783,8/22/2007
23552,8/22/2007
59619,8/31/2007
77088,9/5/2007
87756,9/14/2007
58800,9/20/2007
88661,9/20/2007
30074,9/27/2007
84216,10/8/2007
80702,10/9/2007
22585,10/10/2007
80463,10/15/2007
90308,10/15/2007
80831,10/16/2007
90453,11/8/2007
39415,11/9/2007
87579,11/14/2007
56143,11/19/2007
79732,11/26/2007
79613,11/30/2007
84164,12/17/2007
11945,12/21/2007
85523,12/27/2007
85987,12/28/2007
61268,12/30/2007
84345,1/9/2008
11573,1/11/2008
82784,1/21/2008
86167,1/22/2008
79695,1/28/2008
13224,1/28/2008
85882,1/29/2008
79745,2/3/2008
76582,2/4/2008
89899,2/5/2008
84229,2/7/2008
11278,2/19/2008
77324,2/21/2008
11384,2/22/2008
86038,2/29/2008
90653,3/5/2008
86762,3/5/2008
87017,3/8/2008
89300,3/14/2008
90990,3/14/2008
61268,3/20/2008
26673,3/30/2008
87495,3/30/2008
18439,4/1/2008
80654,4/3/2008
80528,4/10/2008
89834,4/17/2008
25689,4/20/2008
91958,4/24/2008
78145,4/25/2008
90566,4/29/2008
84169,5/2/2008
85849,5/15/2008
38594,5/19/2008
85475,5/20/2008
88642,6/4/2008
77026,6/9/2008
90128,6/11/2008
37699,6/18/2008
83526,6/23/2008
89831,7/8/2008
82449,7/15/2008
79518,7/23/2008
23537,7/28/2008
67862,7/31/2008
90159,8/5/2008
75150,8/10/2008
83348,8/19/2008
86171,8/20/2008
83415,9/2/2008
89962,9/5/2008
80599,9/15/2008
79164,9/16/2008
81593,9/26/2008
85226,9/26/2008
91469,10/10/2008
88577,10/15/2008
88498,10/15/2008
90877,10/17/2008
76228,10/20/2008
80489,11/9/2008
84577,11/10/2008
90212,11/10/2008
47175,11/10/2008
90945,11/10/2008
89928,11/12/2008
79328,11/23/2008
54279,11/25/2008
77018,11/26/2008
91660,12/1/2008
88730,12/3/2008
31341,12/30/2008
89566,12/30/2008
22518,1/5/2009
92208,1/6/2009
85633,1/12/2009
69411,1/14/2009
64901,1/14/2009
85625,2/3/2009
68065,2/9/2009
75558,2/12/2009
84031,2/12/2009
81119,2/13/2009
90911,2/17/2009
88910,2/18/2009
79971,2/18/2009
91029,3/1/2009
87619,3/5/2009
49526,3/9/2009
22680,3/10/2009
46295,3/10/2009
85837,3/11/2009
80833,3/19/2009
91740,3/27/2009
87378,3/27/2009
92012,3/30/2009
88620,3/30/2009
90777,3/30/2009
91576,3/31/2009
87605,3/31/2009
88544,3/31/2009
91506,4/1/2009
10791,4/1/2009
87002,4/5/2009
85622,4/15/2009
79129,4/16/2009
66130,4/16/2009
79568,4/20/2009
67328,4/30/2009
79351,5/1/2009
88817,5/1/2009
82813,5/11/2009
89930,5/11/2009
83761,5/11/2009
85995,5/13/2009
81097,5/19/2009
85286,5/31/2009
77967,5/31/2009
80559,6/1/2009
30031,6/1/2009
10362,6/1/2009
91036,6/9/2009
76209,6/13/2009
89631,6/15/2009
91496,6/17/2009
83159,6/23/2009
79562,7/2/2009
82242,7/2/2009
79262,7/9/2009
91268,7/16/2009
89045,7/21/2009
79192,7/28/2009
81553,8/5/2009
92483,8/27/2009
91031,9/14/2009
91946,9/15/2009
83947,10/21/2009
90555,10/26/2009
90823,11/6/2009
92284,11/8/2009
77576,11/8/2009
91074,11/11/2009
41419,11/15/2009
14402,11/16/2009
88432,11/16/2009
82201,12/17/2009
82501,12/18/2009
58608,1/4/2010
11162,1/5/2010
75162,1/6/2010
90025,1/15/2010
80831,2/2/2010
75286,2/25/2010
87564,3/1/2010
54439,3/1/2010
89943,3/11/2010
85896,3/15/2010
90700,3/30/2010
87026,4/26/2010
86915,4/29/2010
89860,4/30/2010
76931,5/3/2010
90719,5/14/2010
86025,5/16/2010
77893,5/25/2010
90475,5/28/2010
67046,6/15/2010
91817,6/23/2010
89531,6/24/2010
89370,7/2/2010
83458,7/12/2010
11161,7/18/2010
90904,7/22/2010
11048,7/29/2010
89366,7/30/2010
80239,8/5/2010
10304,8/19/2010
85832,8/20/2010
90960,8/25/2010
89568,9/10/2010
92547,9/20/2010
87134,9/23/2010
90317,9/24/2010
92099,10/19/2010
81647,10/28/2010
79634,11/1/2010
92484,11/4/2010
76757,11/8/2010
89450,11/15/2010
81889,11/29/2010
91820,12/9/2010
92722,12/10/2010
26657,12/12/2010
85005,12/17/2010
90970,12/31/2010
93348,1/11/2011
85457,1/20/2011
90816,1/21/2011
79500,1/28/2011
87584,1/30/2011
93006,2/11/2011
11306,2/15/2011
92099,2/16/2011
81654,2/16/2011
88801,3/23/2011
82155,4/1/2011
67715,4/4/2011
79828,4/27/2011
91019,4/29/2011
91840,4/29/2011
84572,5/9/2011
12188,5/16/2011
77270,5/20/2011
90209,5/24/2011
75968,6/27/2011
86037,7/1/2011
91179,7/8/2011
90788,7/27/2011
77181,7/30/2011
92030,8/12/2011
88799,8/15/2011
92051,8/19/2011
10994,8/26/2011
90939,9/16/2011
85402,9/28/2011
60273,10/3/2011
87129,10/4/2011
37744,10/5/2011
56602,10/19/2011
88791,10/30/2011
92190,10/31/2011
65429,11/2/2011
90352,11/7/2011
85216,11/16/2011
89018,11/17/2011
81530,11/23/2011
21020,11/29/2011
50286,12/12/2011
79259,12/15/2011
78208,1/4/2012
11754,1/19/2012
80758,1/23/2012
78869,1/26/2012
77403,2/1/2012
90746,2/6/2012
32636,2/14/2012
62885,2/20/2012
93430,2/23/2012
84108,3/2/2012
90678,3/7/2012
81109,3/25/2012
79529,3/26/2012
86850,3/30/2012
89919,4/1/2012
90847,4/12/2012
84311,4/15/2012
75327,5/30/2012
84321,6/15/2012
39766,6/19/2012
85550,7/2/2012
92346,7/9/2012
77582,7/12/2012
90727,7/17/2012
77158,8/4/2012
89885,8/7/2012
76037,8/9/2012
88906,8/17/2012
64864,8/29/2012
84779,9/5/2012
13078,9/11/2012
90024,10/3/2012
93037,10/16/2012
78073,10/17/2012
92033,10/26/2012
86574,10/28/2012
51457,11/14/2012
92042,11/15/2012
76999,12/19/2012
90093,12/30/2012
91282,1/11/2013
92312,1/11/2013
79712,1/27/2013
86189,1/28/2013
84330,1/28/2013
86496,2/28/2013
38790,3/10/2013
93240,3/17/2013
93194,3/18/2013
13938,3/24/2013
88945,4/1/2013
86249,4/7/2013
90974,4/8/2013
79407,4/24/2013
93007,4/25/2013
20248,5/1/2013
79740,6/3/2013
90196,6/10/2013
13115,6/17/2013
92938,6/26/2013
90560,6/27/2013
75454,7/1/2013
90863,7/2/2013
11601,7/2/2013
92216,7/15/2013
92341,7/23/2013
83305,7/24/2013
79417,8/4/2013
77783,8/12/2013
49286,8/19/2013
77855,9/9/2013
93391,9/16/2013
12793,9/17/2013
12743,9/25/2013
91524,9/27/2013
81181,10/3/2013
18033,10/14/2013
81756,11/21/2013
93355,12/2/2013
85214,12/15/2013
93346,2/10/2014
84309,2/10/2014
91061,2/21/2014
86233,3/5/2014
12581,3/20/2014
92243,3/23/2014
93317,3/25/2014
78956,4/3/2014
93351,4/7/2014
90538,4/7/2014
84416,4/11/2014
84351,4/15/2014
90813,4/21/2014
76553,4/23/2014
86284,6/11/2014
66050,6/18/2014
12883,7/11/2014
12959,7/28/2014
90724,8/6/2014
90911,9/9/2014
89685,9/15/2014
85401,9/16/2014
92758,10/6/2014
90204,10/10/2014
80971,10/12/2014
92126,10/21/2014
88806,11/3/2014
12887,11/9/2014
88335,11/10/2014
92319,11/12/2014
91014,12/7/2014
93358,12/29/2014
89865,12/31/2014
